id,language,text
SmartHome.StartScene.Init.Utterance,en,please activate {SmartHomeSceneName} scene
Tv.VolumeDown.Init.Utterance,en,I want you to lower the volume
Localsearch.WeatherInfo.Init.Utterance,en,I would like some info about the weather on {LocalsearchTimeStampStartDay}
Router.SwitchOnGuestWiFi.Init.Utterance,en,can you activate the guest Wi-Fi for {RouterWiFiDuration}
Tv.TvSearch.Init.Utterance,en,is there the movie {VodName}
SmartHome.SwitchOnDevice.Init.Utterance,en,turn on the device {SmartHomeDeviceName} in the {SmartHomeDeviceLocation}
Tv.RadioChannelChange.Init.Utterance,en,station change
Tv.InitiateService.Init.Utterance,en,I'd like the TV to turn on
Router.SwitchOffWiFi.Init.Utterance,en,I want you to turn off Wi-Fi
Router.ShowWiFiPassword.Init.Utterance,en,could you give me the Wi-Fi password
SmartHome.SwitchOnDevice.Init.Utterance,en,I want to turn on device {SmartHomeDeviceName}
Router.ShowWiFiPassword.Init.Utterance,en,show Wi-Fi password on TV
Tv.OpenApplication.Init.Utterance,en,please open an app
Router.ShowGuestWiFiPassword.Init.Utterance,en,let me see the guest Wi-Fi password
SmartHome.StartScene.Init.Utterance,en,I'd like to turn on {SmartHomeSceneName} scene
Tv.NavigationOK.Init.Utterance,en,selection
Tv.OpenApplication.Init.Utterance,en,got to {AppName}
Tv.TrickModeSkip.Init.Utterance,en,I want you to fast-forward {Duration}
Localsearch.TemperatureInfo.Init.Utterance,en,is it going to be hot in {LocalsearchLocation} at {LocalsearchTimeStampStartTime}
Tv.VolumeMute.Init.Utterance,en,mute
Localsearch.RainInfo.Init.Utterance,en,do you think it will rain {LocalsearchTimeStampStartDay}
Localsearch.RainInfo.Init.Utterance,en,I would like to know how much rain there will be {LocalsearchTimeStampStartDay}
Router.SwitchOnWiFi.Init.Utterance,en,turn the Wi-Fi on please
Tv.TvSearch.Init.Utterance,en,do you have {SportSportsName}
Router.ShowWiFiPassword.Init.Utterance,en,Wi-Fi password
Localsearch.TemperatureInfo.Init.Utterance,en,how warm is it
Tv.GenericExitToTv.Init.Utterance,en,I want to go back to watching TV
Tv.VolumeMute.Init.Utterance,en,silence
Localsearch.RainInfo.Init.Utterance,en,I'd like to know how heavy it is raining
Tv.TvRecommendations.Init.Utterance,en,what should I watch today
Localsearch.TemperatureInfo.Init.Utterance,en,I want you to tell me how warm it is
Tv.InitiateService.Init.Utterance,en,please switch on the TV
Tv.OpenApplication.Init.Utterance,en,I need an app
Router.SwitchOnWiFi.Init.Utterance,en,Wi-Fi
SmartHome.StartScene.Init.Utterance,en,turn on the {SmartHomeSceneName} scene
Router.SwitchOffWiFi.Init.Utterance,en,I would like Wi-Fi off
Tv.SkipCommercial.Init.Utterance,en,can you skip the commercial please
Router.SwitchOffWiFi.Init.Utterance,en,please turn off the internet
Router.ShowWiFiPassword.Init.Utterance,en,please show me the Wi-Fi password on the TV
Router.SwitchOnGuestWiFi.Init.Utterance,en,I would like you to turn on the guest Wi-Fi for {RouterWiFiDuration}
SmartHome.SwitchOnDevice.Init.Utterance,en,turn on all devices in the {SmartHomeDeviceLocation}
Tv.TrickModePlay.Init.Utterance,en,please start playback
Tv.RadioChannelChange.Init.Utterance,en,I want to change the radio station
Tv.VolumeDown.Init.Utterance,en,lower the TV volume
Localsearch.WeatherInfo.Init.Utterance,en,how is the weather going to be between {LocalsearchTimeStampStartTime} and {LocalsearchTimeStampEndTime}
SmartHome.SwitchOffDevice.Init.Utterance,en,turn off my {SmartHomeDeviceCategory}
Tv.NavigationUp.Init.Utterance,en,up again
Tv.NavigationUp.Init.Utterance,en,one up
SmartHome.StartScene.Init.Utterance,en,I would like you to start the {SmartHomeSceneName} scene
MyCloud.OpenArea.Init.Utterance,en,I wanna look at my {MyCloudArea} on myCloud
Tv.OpenUiArea.Init.Utterance,en,go to {AreaName} please
SmartHome.SwitchOnDevice.Init.Utterance,en,I want you to turn on my {SmartHomeDeviceBrand} in the {SmartHomeDeviceLocation}
Localsearch.TemperatureInfo.Init.Utterance,en,would you please tell me how cold it is
Tv.VolumeUp.Init.Utterance,en,I'd like the volume to be louder
Tv.TvChannelChange.Init.Utterance,en,change the program please
Tv.NavigationDown.Init.Utterance,en,go down a bit
Tv.TvRecommendations.Init.Utterance,en,TV program please
SmartHome.StartScene.Init.Utterance,en,start {SmartHomeSceneName} scene
MyCloud.OpenArea.Init.Utterance,en,can you please show me {MyCloudArea} on myCloud
Tv.WatchFromBeginning.Init.Utterance,en,I want to see the movie again
SmartHome.SwitchOnDevice.Init.Utterance,en,I want to start the {SmartHomeDeviceCategory}
SmartHome.SwitchOnDevice.Init.Utterance,en,turn on the {SmartHomeDeviceBrand} in the {SmartHomeDeviceLocation}
Tv.Recording.Init.Utterance,en,save for later
Tv.NavigationRight.Init.Utterance,en,the right one
Tv.TerminateService.Init.Utterance,en,set the box to standby mode
Tv.OpenUiArea.Init.Utterance,en,show me {AreaName}
Tv.VolumeUnmute.Init.Utterance,en,stop mute
Tv.VolumeDown.Init.Utterance,en,turn down the TV's volume
Router.SwitchOnGuestWiFi.Init.Utterance,en,I would like to switch on the guest Wifi
SmartHome.StartScene.Init.Utterance,en,switch on scene {SmartHomeSceneName}
Router.SwitchOffWiFi.Init.Utterance,en,could you please turn off the Wi-Fi
Localsearch.RainInfo.Init.Utterance,en,do I need an umbrella today
Tv.TrickModeSkip.Init.Utterance,en,rewind {Duration} please
Localsearch.WeatherInfo.Init.Utterance,en,I am interested in the weather in {LocalsearchLocation} {LocalsearchTimeStampStartDay}
Tv.VolumeDown.Init.Utterance,en,turn the volume down
Tv.VolumeDown.Init.Utterance,en,could you turn down the series
Localsearch.TemperatureInfo.Init.Utterance,en,tell me how cold it is
Tv.VolumeDown.Init.Utterance,en,less loud
Localsearch.RainInfo.Init.Utterance,en,will it rain a lot
Router.SwitchOnGuestWiFi.Init.Utterance,en,turn on the guest Wi-Fi for {RouterWiFiDuration} please
Tv.SkipCommercial.Init.Utterance,en,you can skip the commercial
SmartHome.StartScene.Init.Utterance,en,I want you to activate scene {SmartHomeSceneName}
SmartHome.SwitchOnDevice.Init.Utterance,en,turn on {SmartHomeDeviceCategory} {SmartHomeDeviceBrand}
Router.ShowGuestWiFiPassword.Init.Utterance,en,I would like the guest Wi-Fi password
Tv.TvChannelChange.Init.Utterance,en,I wanna switch to channel {TvChannelPosition}
SmartHome.SwitchOffDevice.Init.Utterance,en,device {SmartHomeDeviceName} off please
Router.SwitchOffGuestWiFi.Init.Utterance,en,guest Wi-Fi no longer needed
Bluewin.NewsSummary.Init.Utterance,en,what happened today
SmartHome.SwitchOnDevice.Init.Utterance,en,switch on the device {SmartHomeDeviceName}
Router.SwitchOffWiFi.Init.Utterance,en,can you please switch the Wi-Fi off
Router.SwitchOnGuestWiFi.Init.Utterance,en,connect to the guest internet please
Router.SwitchOffWiFi.Init.Utterance,en,I need the Wi-Fi off
Localsearch.RainInfo.Init.Utterance,en,is it rainy
Tv.TrickModeSkip.Init.Utterance,en,skip
Tv.Recording.Init.Utterance,en,add my TV show to recordings
Router.SwitchOnGuestWiFi.Init.Utterance,en,I want you to turn on the guest Wi-Fi for {RouterWiFiDuration}
Tv.TerminateService.Init.Utterance,en,shut the box down
Tv.OpenApplication.Init.Utterance,en,could you please open {AppName}
Tv.WatchFromBeginning.Init.Utterance,en,jump to the beginning
Router.SwitchOnGuestWiFi.Init.Utterance,en,{RouterWiFiDuration} of guest Wi-Fi please
Router.SwitchOffGuestWiFi.Init.Utterance,en,turn off the guest Wi-Fi
Tv.TvRecommendations.Init.Utterance,en,I have no idea what to watch
SmartHome.StartScene.Init.Utterance,en,I would love scene {SmartHomeSceneName}
Tv.TvSearch.Init.Utterance,en,I want to look for {SportParticipantName}
SmartHome.SwitchOffDevice.Init.Utterance,en,please turn off the {SmartHomeDeviceCategory}
Localsearch.RainInfo.Init.Utterance,en,is it a rainy day today
Router.SwitchOnGuestWiFi.Init.Utterance,en,would you please turn on the guest internet for {RouterWiFiDuration}
Localsearch.TemperatureInfo.Init.Utterance,en,how warm is it in {LocalsearchLocation} {LocalsearchTimeStampStartDay}
Tv.TrickModePause.Init.Utterance,en,I want to pause the series
Tv.NavigationDown.Init.Utterance,en,down
Tv.WatchNextEpisode.Init.Utterance,en,go to the next episode
Tv.TvChannelChange.Init.Utterance,en,I'm bored by this channel
Tv.VolumeMute.Init.Utterance,en,quiet
Tv.InitiateService.Init.Utterance,en,switch on the TV
Router.SwitchOnWiFi.Init.Utterance,en,I want Wi-Fi
Tv.OpenApplication.Init.Utterance,en,go to an app
Tv.TvSearch.Init.Utterance,en,I want to watch a {SportSportsName} game
Tv.NavigationRight.Init.Utterance,en,scroll right
SmartHome.SwitchOnDevice.Init.Utterance,en,activate device {SmartHomeDeviceName}
Localsearch.WeatherInfo.Init.Utterance,en,can you give me the weather report
Router.ShowWiFiPassword.Init.Utterance,en,show Wi-Fi password
Tv.VolumeUnmute.Init.Utterance,en,unsilence the sound
Tv.TrickModePlay.Init.Utterance,en,continue
Localsearch.RainInfo.Init.Utterance,en,rainfall in {LocalsearchLocation}
Router.SwitchOffGuestWiFi.Init.Utterance,en,I want to turn off the guest Wi-Fi now
SmartHome.SwitchOnDevice.Init.Utterance,en,I want you to switch on device {SmartHomeDeviceName}
Tv.OpenApplication.Init.Utterance,en,show me the apps
Tv.TvChannelChange.Init.Utterance,en,switch to a different channel
Localsearch.WeatherInfo.Init.Utterance,en,give me information about the weather for {LocalsearchTimeStampStartTime}
Router.ShowGuestWiFiPassword.Init.Utterance,en,I want my guest Wi-Fi password
SmartHome.StartScene.Init.Utterance,en,start scene {SmartHomeSceneName}
Tv.NavigationRight.Init.Utterance,en,go one to the right
Router.SwitchOffGuestWiFi.Init.Utterance,en,switch off the guest internet
Tv.TrickModeSkip.Init.Utterance,en,{Duration} back
Tv.VolumeUp.Init.Utterance,en,I want you to up the volume
Tv.VolumeDown.Init.Utterance,en,could you lower the volume please
Router.SwitchOnGuestWiFi.Init.Utterance,en,I want to turn on the Wi-Fi for guests for {RouterWiFiDuration}
Tv.TrickModeSkip.Init.Utterance,en,can you rewind {Duration}
Tv.TrickModeSkip.Init.Utterance,en,fast-forward {Duration}
MyCloud.OpenArea.Init.Utterance,en,can I please watch {MyCloudArea} on myCloud
Router.ShowGuestWiFiPassword.Init.Utterance,en,please display the guest Wi-Fi password
Tv.InitiateService.Init.Utterance,en,start the box
Tv.NavigationRight.Init.Utterance,en,right
SmartHome.SwitchOffDevice.Init.Utterance,en,turn the {SmartHomeDeviceBrand} {SmartHomeDeviceCategory} off in my {SmartHomeDeviceLocation}
Router.ShowWiFiPassword.Init.Utterance,en,please give me my Wi-Fi password
Localsearch.RainInfo.Init.Utterance,en,I want to know if it will rain {LocalsearchTimeStampStartDay} in {LocalsearchLocation}
Tv.SkipCommercial.Init.Utterance,en,skip the commercial please
SmartHome.SwitchOffDevice.Init.Utterance,en,I want my {SmartHomeDeviceCategory} turned off in {SmartHomeDeviceLocation}
Router.SwitchOffGuestWiFi.Init.Utterance,en,please guest Wi-Fi off
Tv.TvSearch.Init.Utterance,en,I'd like to watch {SportCompetitionName}
Localsearch.WeatherInfo.Init.Utterance,en,will there be snow {LocalsearchTimeStampStartDay}
Tv.VolumeUp.Init.Utterance,en,volume up please
Tv.Recording.Init.Utterance,en,I want to watch this later
Tv.TrickModeSkip.Init.Utterance,en,fast-forward {Duration} please
Localsearch.RainInfo.Init.Utterance,en,will I stay dry {LocalsearchTimeStampStartDay}
Tv.GenericExitToTv.Init.Utterance,en,live TV
Router.SwitchOffWiFi.Init.Utterance,en,I want to turn off the Wi-Fi
Router.SwitchOnGuestWiFi.Init.Utterance,en,please activate the internet for guests
Tv.TerminateService.Init.Utterance,en,standby
Bluewin.NewsSummary.Init.Utterance,en,what do I have to know today
SmartHome.SwitchOffDevice.Init.Utterance,en,turn off my {SmartHomeDeviceBrand} {SmartHomeDeviceCategory} in the {SmartHomeDeviceLocation}
Tv.OpenUiArea.Init.Utterance,en,could you please go to {AreaName}
Router.SwitchOffGuestWiFi.Init.Utterance,en,you can switch the guest Wi-Fi off
Localsearch.WeatherInfo.Init.Utterance,en,the weather report please
Router.SwitchOffGuestWiFi.Init.Utterance,en,switch the guest Wi-Fi off
Tv.WatchNextEpisode.Init.Utterance,en,play following episode
Tv.OpenApplication.Init.Utterance,en,show me apps
Localsearch.WeatherInfo.Init.Utterance,en,will it be sunny {LocalsearchTimeStampStartDay} in {LocalsearchLocation}
Bluewin.NewsSummary.Init.Utterance,en,can you give me today's news
Localsearch.WeatherInfo.Init.Utterance,en,I need information about the weather
Tv.TerminateService.Init.Utterance,en,power-off the TV box
Tv.NavigationOK.Init.Utterance,en,select this one
Tv.TvRecommendations.Init.Utterance,en,what is on TV today
SmartHome.SwitchOnDevice.Init.Utterance,en,please turn on {SmartHomeDeviceCategory} in the {SmartHomeDeviceLocation}
SmartHome.SwitchOffDevice.Init.Utterance,en,turn off {SmartHomeDeviceCategory} in the {SmartHomeDeviceLocation}
Tv.RadioChannelChange.Init.Utterance,en,could you please change the radio station to {RadioChannelName}
Bluewin.NewsSummary.Init.Utterance,en,what are the latest news
SmartHome.SwitchOffDevice.Init.Utterance,en,turn off all {SmartHomeDeviceBrand} {SmartHomeDeviceLocation}
Router.SwitchOnWiFi.Init.Utterance,en,can you turn theWi-Fi on
Bluewin.NewsSummary.Init.Utterance,en,turn on the news
Tv.TrickModePlay.Init.Utterance,en,I want to see the rest of the movie
Tv.TerminateService.Init.Utterance,en,TV off please
Tv.TrickModePlay.Init.Utterance,en,I want to continue watching the movie
Localsearch.RainInfo.Init.Utterance,en,tell me if I need an umbrella in {LocalsearchLocation} {LocalsearchTimeStampStartDay}
SmartHome.SwitchOffDevice.Init.Utterance,en,I want to stop the {SmartHomeDeviceCategory}
Router.SwitchOffWiFi.Init.Utterance,en,please deactivate the Wi-Fi
SmartHome.SwitchOnDevice.Init.Utterance,en,can you please switch on device {SmartHomeDeviceName}
Tv.VolumeDown.Init.Utterance,en,volume a bit lower please
Tv.TrickModePause.Init.Utterance,en,pause for a moment
SmartHome.SwitchOffDevice.Init.Utterance,en,turn off device {SmartHomeDeviceName} {SmartHomeDeviceBrand}
Tv.OpenApplication.Init.Utterance,en,I want to open an app
Router.SwitchOffWiFi.Init.Utterance,en,I want the Wi-Fi to be off
Tv.OpenApplication.Init.Utterance,en,open the app
Tv.TvChannelChange.Init.Utterance,en,please look for {TvChannelName}
Tv.Recording.Init.Utterance,en,record
Router.SwitchOffGuestWiFi.Init.Utterance,en,shut down my guest Wi-Fi
Tv.OpenUiArea.Init.Utterance,en,I would like to watch a movie from the {AreaName} genre
Tv.TvRecommendations.Init.Utterance,en,can you tell me what is on TV
Router.SwitchOnGuestWiFi.Init.Utterance,en,connect to the guest Wi-Fi for {RouterWiFiDuration}
Tv.TerminateService.Init.Utterance,en,TV off
Tv.TerminateService.Init.Utterance,en,turn off the TV box
Tv.SkipCommercial.Init.Utterance,en,I want to skip the commercial
Localsearch.TemperatureInfo.Init.Utterance,en,tell me the temperature for {LocalsearchTimeStampStartTime}
Router.SwitchOnWiFi.Init.Utterance,en,activate Wi-Fi
Tv.TvRecommendations.Init.Utterance,en,I need a movie recommendation
Tv.Recording.Init.Utterance,en,start recording
Router.SwitchOnGuestWiFi.Init.Utterance,en,{RouterWiFiDuration} guest Wi-Fi
Tv.RadioChannelChange.Init.Utterance,en,I'm bored of this radio station
Tv.GenericExitToTv.Init.Utterance,en,go to live TV
Tv.VolumeDown.Init.Utterance,en,that's too loud
Tv.TrickModePause.Init.Utterance,en,please pause the series
SmartHome.StartScene.Init.Utterance,en,give me scene {SmartHomeSceneName}
Localsearch.WeatherInfo.Init.Utterance,en,is there sun
Tv.TrickModePause.Init.Utterance,en,short break please
Tv.GenericExitToTv.Init.Utterance,en,I want to continue watching TV
Tv.TvChannelChange.Init.Utterance,en,change the channel
SmartHome.SwitchOnDevice.Init.Utterance,en,turn on the device {SmartHomeDeviceCategory} in the {SmartHomeDeviceLocation}
Bluewin.NewsSummary.Init.Utterance,en,what's new on Bluewin
Tv.GenericExitToTv.Init.Utterance,en,back to TV
SmartHome.StartScene.Init.Utterance,en,could I have scene {SmartHomeSceneName} please
SmartHome.SwitchOnDevice.Init.Utterance,en,turn on device {SmartHomeDeviceName}
Localsearch.RainInfo.Init.Utterance,en,the rainfall {LocalsearchTimeStampStartDay}
Tv.RadioChannelChange.Init.Utterance,en,I think this radio station is boring
Tv.GenericExitToTv.Init.Utterance,en,I would like to watch something
Tv.WatchNextEpisode.Init.Utterance,en,please play the next episode
Localsearch.TemperatureInfo.Init.Utterance,en,I'd like to know if it is warm outside
Tv.TvRecommendations.Init.Utterance,en,what is on TV
Router.SwitchOnGuestWiFi.Init.Utterance,en,switch guest Wi-Fi on
Tv.VolumeUp.Init.Utterance,en,turn up the sound
Tv.VolumeDown.Init.Utterance,en,a little less loud please
Tv.RadioChannelChange.Init.Utterance,en,change the radio station please
SmartHome.SwitchOnDevice.Init.Utterance,en,device {SmartHomeDeviceName} on please
Tv.NavigationOK.Init.Utterance,en,choose that one
Localsearch.WeatherInfo.Init.Utterance,en,will it be windy {LocalsearchTimeStampStartDay} in {LocalsearchLocation}
Tv.OpenUiArea.Init.Utterance,en,show me the menu
Router.ShowWiFiPassword.Init.Utterance,en,show me the Wi-Fi password
SmartHome.SwitchOnDevice.Init.Utterance,en,turn the device {SmartHomeDeviceName} on
Router.SwitchOffGuestWiFi.Init.Utterance,en,now turn off the guest internet
Router.SwitchOnGuestWiFi.Init.Utterance,en,activate the guest Wi-Fi
Tv.WatchFromBeginning.Init.Utterance,en,start episode from the beginning
Router.SwitchOffGuestWiFi.Init.Utterance,en,deactivate the guest internet
MyCloud.OpenArea.Init.Utterance,en,could you please open {MyCloudArea} with myCloud
Tv.RadioChannelChange.Init.Utterance,en,I would like to listen to {RadioChannelName}
Router.ShowGuestWiFiPassword.Init.Utterance,en,I want to get my guest password
Localsearch.TemperatureInfo.Init.Utterance,en,how many degrees will it be between {LocalsearchTimeStampStartTime} and {LocalsearchTimeStampEndTime}
Tv.VolumeUnmute.Init.Utterance,en,don't mute anymore
Router.SwitchOnGuestWiFi.Init.Utterance,en,turn on guest Wi-Fi
Localsearch.WeatherInfo.Init.Utterance,en,weather update please
Localsearch.TemperatureInfo.Init.Utterance,en,am I going to be cold
Router.ShowGuestWiFiPassword.Init.Utterance,en,what's my guest Wi-Fi password
Tv.TrickModePause.Init.Utterance,en,could you please pause this
Tv.TvRecommendations.Init.Utterance,en,TV highlights please
Router.SwitchOnWiFi.Init.Utterance,en,internet please
MyCloud.OpenArea.Init.Utterance,en,open myCloud and show me {MyCloudArea}
Localsearch.RainInfo.Init.Utterance,en,do I need an umbrella
Tv.OpenUiArea.Init.Utterance,en,do you have {AreaName} for me
Tv.TvSearch.Init.Utterance,en,start {VodName} please
Tv.RadioChannelChange.Init.Utterance,en,{RadioChannelName}
Tv.TvChannelChange.Init.Utterance,en,change the channel to {TvChannelName}
SmartHome.SwitchOffDevice.Init.Utterance,en,deactivate device {SmartHomeDeviceName}
Localsearch.WeatherInfo.Init.Utterance,en,is the weather going to be bad {LocalsearchTimeStampStartDay}
Router.ShowGuestWiFiPassword.Init.Utterance,en,can you show me the guest Wi-Fi password
Tv.TrickModeSkip.Init.Utterance,en,jump forward a bit
Tv.RadioChannelChange.Init.Utterance,en,please switch to {RadioChannelName}
Tv.TvChannelChange.Init.Utterance,en,I want to watch {TvChannelName}
Router.ShowWiFiPassword.Init.Utterance,en,I would like the Wi-Fi password
Localsearch.WeatherInfo.Init.Utterance,en,do you know how the weather is {LocalsearchTimeStampStartDay}
Router.ShowWiFiPassword.Init.Utterance,en,show me the Wi-Fi password on the TV
Tv.TrickModePause.Init.Utterance,en,wait a second
Tv.TrickModePlay.Init.Utterance,en,start the TV show
Router.SwitchOnGuestWiFi.Init.Utterance,en,I want to turn on the guest Wi-Fi now
Tv.NavigationUp.Init.Utterance,en,scroll up
Tv.VolumeUp.Init.Utterance,en,a little louder please
Router.SwitchOffWiFi.Init.Utterance,en,disconnect Wi-Fi
Tv.TvSearch.Init.Utterance,en,I want to watch {SportSportsName}
Tv.TrickModeSkip.Init.Utterance,en,could you rewind {Duration}
Bluewin.NewsSummary.Init.Utterance,en,most important news please
SmartHome.SwitchOnDevice.Init.Utterance,en,turn on {SmartHomeDeviceBrand} in the {SmartHomeDeviceLocation}
Localsearch.WeatherInfo.Init.Utterance,en,weather update for {LocalsearchTimeStampStartTime} in {LocalsearchLocation}
Tv.VolumeMute.Init.Utterance,en,be quiet please
SmartHome.SwitchOffDevice.Init.Utterance,en,switch off device {SmartHomeDeviceName}
SmartHome.SwitchOffDevice.Init.Utterance,en,please turn off device {SmartHomeDeviceName}
Tv.TrickModePlay.Init.Utterance,en,can you please press play
SmartHome.SwitchOffDevice.Init.Utterance,en,turn off all devices in the {SmartHomeDeviceLocation}
SmartHome.SwitchOffDevice.Init.Utterance,en,I want you to turn my {SmartHomeDeviceCategory} off
Localsearch.TemperatureInfo.Init.Utterance,en,how high is the temperature in {LocalsearchLocation}
Tv.RadioChannelChange.Init.Utterance,en,change the radio channel
Tv.TvSearch.Init.Utterance,en,play {VodName}
Tv.TvRecommendations.Init.Utterance,en,I'm bored
Tv.OpenApplication.Init.Utterance,en,I'd like to open {AppName}
Tv.RadioChannelChange.Init.Utterance,en,change the radio station to {RadioChannelName}
SmartHome.SwitchOnDevice.Init.Utterance,en,please activate my {SmartHomeDeviceBrand} {SmartHomeDeviceCategory} in the {SmartHomeDeviceLocation}
Tv.TerminateService.Init.Utterance,en,turn box off
SmartHome.StartScene.Init.Utterance,en,activate scene {SmartHomeSceneName}
Router.SwitchOnWiFi.Init.Utterance,en,I'd like to switch on the Wi-Fi
Localsearch.WeatherInfo.Init.Utterance,en,is the sun gonna come out {LocalsearchTimeStampStartDay}
Localsearch.TemperatureInfo.Init.Utterance,en,I want to know how warm it is in {LocalsearchLocation} from {LocalsearchTimeStampStartTime} to {LocalsearchTimeStampEndTime}
Localsearch.WeatherInfo.Init.Utterance,en,please tell me how the weather will be at {LocalsearchTimeStampStartTime} in {LocalsearchLocation}
Localsearch.WeatherInfo.Init.Utterance,en,please give me the weather report for {LocalsearchTimeStampStartDay}
Tv.TvRecommendations.Init.Utterance,en,what's on TV today
Localsearch.TemperatureInfo.Init.Utterance,en,I would like to know how cold it is in {LocalsearchLocation}
Router.SwitchOnGuestWiFi.Init.Utterance,en,{RouterWiFiDuration} internet for guests please
Tv.VolumeDown.Init.Utterance,en,reduce the volume
Localsearch.TemperatureInfo.Init.Utterance,en,will I sweat
Tv.TerminateService.Init.Utterance,en,standby mode
Localsearch.WeatherInfo.Init.Utterance,en,is it sunny outside
SmartHome.SwitchOnDevice.Init.Utterance,en,turn on my {SmartHomeDeviceBrand}
Tv.TrickModePlay.Init.Utterance,en,continue movie
Tv.NavigationDown.Init.Utterance,en,down again
Router.ShowWiFiPassword.Init.Utterance,en,can you show me the password for the internet
Bluewin.NewsSummary.Init.Utterance,en,news summary please
SmartHome.SwitchOffDevice.Init.Utterance,en,please turn {SmartHomeDeviceBrand} off
Tv.WatchNextEpisode.Init.Utterance,en,I want to see the next episode
Tv.RadioChannelChange.Init.Utterance,en,I want to listen to {RadioChannelName}
Tv.TrickModePause.Init.Utterance,en,stop the TV show for a minute
SmartHome.SwitchOffDevice.Init.Utterance,en,can you please switch off device {SmartHomeDeviceName}
Tv.VolumeMute.Init.Utterance,en,turn off the sound
Tv.NavigationUp.Init.Utterance,en,up
Localsearch.TemperatureInfo.Init.Utterance,en,I would like to know how warm it will be {LocalsearchTimeStampStartDay}
Tv.TerminateService.Init.Utterance,en,box off please
Router.SwitchOnWiFi.Init.Utterance,en,I need to get into the internet
Localsearch.TemperatureInfo.Init.Utterance,en,am I gonna be cold
Tv.TrickModeSkip.Init.Utterance,en,jump {Duration} forward please
Tv.TvRecommendations.Init.Utterance,en,is there something interesting on TV
Tv.VolumeUp.Init.Utterance,en,up the TV volume
Router.SwitchOnGuestWiFi.Init.Utterance,en,please activate guest Wi-Fi for {RouterWiFiDuration}
Tv.NavigationDown.Init.Utterance,en,scroll down
Tv.VolumeUnmute.Init.Utterance,en,you can stop being quiet
Tv.TvChannelChange.Init.Utterance,en,I'd like to change the channel to something else
Tv.TvRecommendations.Init.Utterance,en,what is aired at prime time
Tv.TvChannelChange.Init.Utterance,en,zap to a different channel
Tv.OpenApplication.Init.Utterance,en,{AppName} on
Tv.VolumeMute.Init.Utterance,en,put the TV on mute
Router.SwitchOnGuestWiFi.Init.Utterance,en,can you activate the internet for guests
Localsearch.TemperatureInfo.Init.Utterance,en,is it going to be hot in {LocalsearchLocation} {LocalsearchTimeStampStartDay}
SmartHome.SwitchOffDevice.Init.Utterance,en,turn off all {SmartHomeDeviceCategory}
Tv.OpenUiArea.Init.Utterance,en,give me {AreaName}
Router.SwitchOffWiFi.Init.Utterance,en,I want you to turn off the Wi-Fi
Router.SwitchOnGuestWiFi.Init.Utterance,en,switch on the guest Wi-Fi for {RouterWiFiDuration}
Tv.TvChannelChange.Init.Utterance,en,I want to change the channel
Router.ShowGuestWiFiPassword.Init.Utterance,en,would you please show me the guest Wi-Fi password on the TV screen
Localsearch.RainInfo.Init.Utterance,en,rainfall for {LocalsearchTimeStampStartTime please
Router.SwitchOnWiFi.Init.Utterance,en,I wanna surf the internet
SmartHome.SwitchOnDevice.Init.Utterance,en,device {SmartHomeDeviceName} on
Tv.WatchNextEpisode.Init.Utterance,en,another episode
Router.ShowGuestWiFiPassword.Init.Utterance,en,show guest Wi-Fi password on TV
SmartHome.SwitchOnDevice.Init.Utterance,en,please activate {SmartHomeDeviceBrand}
Localsearch.WeatherInfo.Init.Utterance,en,give me a weather update on {LocalsearchLocation}
Bluewin.NewsSummary.Init.Utterance,en,give me the latest news report
Router.ShowWiFiPassword.Init.Utterance,en,I want to see my Wi-Fi password
Tv.OpenUiArea.Init.Utterance,en,I want to go to {AreaName}
Tv.TvChannelChange.Init.Utterance,en,I'm not interested in this show
Tv.RadioChannelChange.Init.Utterance,en,I wanna switch to radio channel {RadioChannelPosition}
SmartHome.SwitchOnDevice.Init.Utterance,en,start {SmartHomeDeviceCategory}
SmartHome.SwitchOffDevice.Init.Utterance,en,turn off the {SmartHomeDeviceCategory}
Tv.NavigationUp.Init.Utterance,en,go up a bit
SmartHome.StartScene.Init.Utterance,en,could you switch on scene {SmartHomeSceneName}
SmartHome.SwitchOnDevice.Init.Utterance,en,activate {SmartHomeDeviceCategory}
Tv.InitiateService.Init.Utterance,en,could you please turn the TV box on
Bluewin.NewsSummary.Init.Utterance,en,the five news topics please
MyCloud.OpenArea.Init.Utterance,en,open {MyCloudArea} on myCloud
Tv.WatchFromBeginning.Init.Utterance,en,please start this show from the beginning
Router.ShowGuestWiFiPassword.Init.Utterance,en,where do I get my guest Wi-Fi password
Localsearch.RainInfo.Init.Utterance,en,how much will it rain at {LocalsearchTimeStampStartTime} in {LocalsearchLocation}
MyCloud.OpenArea.Init.Utterance,en,please open {MyCloudArea} on myCloud
Tv.TrickModeSkip.Init.Utterance,en,I want to fast-forward {Duration}
SmartHome.SwitchOffDevice.Init.Utterance,en,I want my {SmartHomeDeviceBrand} turned off
Tv.VolumeUp.Init.Utterance,en,could you please turn up the volume
Tv.WatchNextEpisode.Init.Utterance,en,continue with the next episode
Localsearch.TemperatureInfo.Init.Utterance,en,how many degrees is it in {LocalsearchLocation}
Tv.NavigationLeft.Init.Utterance,en,go left
SmartHome.SwitchOffDevice.Init.Utterance,en,please deactivate my {SmartHomeDeviceBrand} {SmartHomeDeviceCategory} in the {SmartHomeDeviceLocation}
Localsearch.RainInfo.Init.Utterance,en,will it rain today
SmartHome.StartScene.Init.Utterance,en,activate {SmartHomeSceneName} scene
Router.ShowGuestWiFiPassword.Init.Utterance,en,please display the guest Wi-Fi password on the TV
SmartHome.SwitchOffDevice.Init.Utterance,en,switch off all {SmartHomeDeviceCategory} in the {SmartHomeDeviceLocation}
Tv.OpenUiArea.Init.Utterance,en,I'd like to go to {AreaName}
SmartHome.SwitchOffDevice.Init.Utterance,en,turn off {SmartHomeDeviceCategory} {SmartHomeDeviceBrand}
Tv.TvChannelChange.Init.Utterance,en,put on {TvChannelName} please
Tv.TvSearch.Init.Utterance,en,look for {VodName}
Router.SwitchOnGuestWiFi.Init.Utterance,en,turn the guest internet on
SmartHome.SwitchOnDevice.Init.Utterance,en,turn on all {SmartHomeDeviceCategory}
Tv.VolumeMute.Init.Utterance,en,stop the sound
Bluewin.NewsSummary.Init.Utterance,en,latest news please
Tv.SkipCommercial.Init.Utterance,en,I don't need the commercial
Tv.NavigationLeft.Init.Utterance,en,scroll left
Router.SwitchOffGuestWiFi.Init.Utterance,en,I want to switch off the guest Wi-Fi
SmartHome.StartScene.Init.Utterance,en,put on the {SmartHomeSceneName} scene
Tv.InitiateService.Init.Utterance,en,turn the TV on
Tv.TvSearch.Init.Utterance,en,I want to watch {VodName}
Tv.RadioChannelChange.Init.Utterance,en,I'd like to listen to radio channel {RadioChannelPosition}
Tv.NavigationDown.Init.Utterance,en,go down another one
Router.SwitchOnGuestWiFi.Init.Utterance,en,internet for guests on please
Bluewin.NewsSummary.Init.Utterance,en,the news
Tv.GenericExitToTv.Init.Utterance,en,continue watching TV
Router.ShowWiFiPassword.Init.Utterance,en,please display the Wi-Fi password on the TV
SmartHome.StartScene.Init.Utterance,en,would you please turn on my {SmartHomeSceneName} scene
Router.SwitchOnGuestWiFi.Init.Utterance,en,activate the guest Wi-Fi for {RouterWiFiDuration}
Tv.TvChannelChange.Init.Utterance,en,I want to switch to channel {TvChannelPosition}
Tv.TrickModeSkip.Init.Utterance,en,fast-forward a little bit
Tv.TvSearch.Init.Utterance,en,tell me something about {SportParticipantName}
Tv.VolumeUnmute.Init.Utterance,en,I want the sound back on
SmartHome.SwitchOffDevice.Init.Utterance,en,can you turn off device {SmartHomeDeviceName}
Tv.TrickModePlay.Init.Utterance,en,play
Tv.TvRecommendations.Init.Utterance,en,what is on TV tonight
Tv.RadioChannelChange.Init.Utterance,en,put on {RadioChannelName}
Tv.TrickModeSkip.Init.Utterance,en,jump back {Duration}
Localsearch.WeatherInfo.Init.Utterance,en,can you tell me how the weather in {LocalsearchLocation} {LocalsearchTimeStampStartDay} will be
SmartHome.SwitchOffDevice.Init.Utterance,en,{SmartHomeDeviceBrand} off please
Router.SwitchOnWiFi.Init.Utterance,en,wireless
Router.SwitchOffWiFi.Init.Utterance,en,please deactivate the internet
Tv.NavigationUp.Init.Utterance,en,up please
Tv.RadioChannelChange.Init.Utterance,en,switch to {RadioChannelName}
Tv.NavigationOK.Init.Utterance,en,choose
Tv.TrickModeSkip.Init.Utterance,en,rewind {Duration} now
SmartHome.SwitchOffDevice.Init.Utterance,en,deactivate the device {SmartHomeDeviceName}
Tv.InitiateService.Init.Utterance,en,TV box on
Bluewin.NewsSummary.Init.Utterance,en,evening news
Localsearch.RainInfo.Init.Utterance,en,should I have an umbrella with me {LocalsearchTimeStampStartDay}
Tv.TvRecommendations.Init.Utterance,en,TV recommendations please
Localsearch.TemperatureInfo.Init.Utterance,en,how warm will it get {LocalsearchTimeStampStartDay}
Router.SwitchOnWiFi.Init.Utterance,en,would you please turn on the Wi-Fi
Localsearch.WeatherInfo.Init.Utterance,en,will it be sunny at {LocalsearchTimeStampStartTime} in {LocalsearchLocation}
Localsearch.RainInfo.Init.Utterance,en,will it rain {LocalsearchTimeStampStartDay}
Tv.InitiateService.Init.Utterance,en,switch TV on
Tv.OpenUiArea.Init.Utterance,en,can you please show me {AreaName}
SmartHome.SwitchOnDevice.Init.Utterance,en,{SmartHomeDeviceBrand} on please
Tv.TvRecommendations.Init.Utterance,en,what are the recommendations for today
Tv.TrickModePause.Init.Utterance,en,can you pause for a sec
Tv.InitiateService.Init.Utterance,en,please turn on the television
Localsearch.WeatherInfo.Init.Utterance,en,how is the weather in {LocalsearchLocation}
Router.ShowGuestWiFiPassword.Init.Utterance,en,can you show me the password for the guest internet
Tv.TvRecommendations.Init.Utterance,en,what could I watch today
Tv.VolumeDown.Init.Utterance,en,can you turn down the TV show
Tv.TvChannelChange.Init.Utterance,en,change channel
Router.SwitchOffWiFi.Init.Utterance,en,turn the Wi-Fi off please
Router.SwitchOnGuestWiFi.Init.Utterance,en,Wi-Fi for guests on for {RouterWiFiDuration}
Tv.WatchFromBeginning.Init.Utterance,en,I want you to play the show from the beginning
Tv.NavigationLeft.Init.Utterance,en,the left one
Bluewin.NewsSummary.Init.Utterance,en,please tell me what is new
MyCloud.OpenArea.Init.Utterance,en,can you please open myCloud and open {MyCloudArea}
Tv.Recording.Init.Utterance,en,record movie
Tv.RadioChannelChange.Init.Utterance,en,please switch to another radio station
Tv.Recording.Init.Utterance,en,could you please record this show
Tv.TvRecommendations.Init.Utterance,en,TV tips please
Tv.TrickModePlay.Init.Utterance,en,can I please continue watching the series
Tv.TrickModePlay.Init.Utterance,en,start TV show
MyCloud.OpenArea.Init.Utterance,en,{MyCloudArea} in myCloud
Router.ShowWiFiPassword.Init.Utterance,en,I want my Wi-Fi password
Tv.TvRecommendations.Init.Utterance,en,what can you recommend
Router.SwitchOffGuestWiFi.Init.Utterance,en,turn the guest Wi-Fi off
Router.SwitchOnWiFi.Init.Utterance,en,please switch the Wi-Fi on
SmartHome.StartScene.Init.Utterance,en,turn on scene {SmartHomeSceneName}
Router.ShowGuestWiFiPassword.Init.Utterance,en,I'd like the guest Wi-Fi password
Tv.TrickModeSkip.Init.Utterance,en,would you fast-forward please
Tv.InitiateService.Init.Utterance,en,turn on the TV
Tv.VolumeDown.Init.Utterance,en,this is too loud
Tv.RadioChannelChange.Init.Utterance,en,switch to a different radio station
Localsearch.RainInfo.Init.Utterance,en,will I have to take my umbrella {LocalsearchTimeStampStartDay}
SmartHome.SwitchOffDevice.Init.Utterance,en,please turn device {SmartHomeDeviceName} off
Tv.SkipCommercial.Init.Utterance,en,could you skip the commercial
Tv.TerminateService.Init.Utterance,en,turn off the TV
SmartHome.SwitchOnDevice.Init.Utterance,en,turn on the {SmartHomeDeviceBrand} {SmartHomeDeviceCategory} in my {SmartHomeDeviceLocation}
Localsearch.TemperatureInfo.Init.Utterance,en,which temperature do I have to expect in {LocalsearchLocation} {LocalsearchTimeStampStartDay}
Tv.VolumeUp.Init.Utterance,en,turn the volume up
Tv.OpenUiArea.Init.Utterance,en,open my different areas
Router.SwitchOnGuestWiFi.Init.Utterance,en,I need guest Wi-Fi for the duration of {RouterWiFiDuration}
Localsearch.WeatherInfo.Init.Utterance,en,I would like the weather report for {LocalsearchTimeStampStartTime}
Tv.TerminateService.Init.Utterance,en,can you turn off the TV
Tv.VolumeDown.Init.Utterance,en,turn down the television
SmartHome.SwitchOffDevice.Init.Utterance,en,stop {SmartHomeDeviceBrand}
SmartHome.SwitchOnDevice.Init.Utterance,en,I want my {SmartHomeDeviceCategory} turned on in {SmartHomeDeviceLocation}
Router.SwitchOnWiFi.Init.Utterance,en,I would like to switch on the Wi-Fi
Tv.RadioChannelChange.Init.Utterance,en,please put on radio station {RadioChannelPosition}
Tv.VolumeUnmute.Init.Utterance,en,mute off
Tv.SkipCommercial.Init.Utterance,en,please skip the commercial
Router.ShowWiFiPassword.Init.Utterance,en,I don't know my Wi-Fi password anymore
Tv.TrickModePause.Init.Utterance,en,pause
Tv.GenericExitToTv.Init.Utterance,en,watch TV again
Localsearch.RainInfo.Init.Utterance,en,is it raining now
Bluewin.NewsSummary.Init.Utterance,en,top five news
Tv.GenericExitToTv.Init.Utterance,en,go back to live TV
Tv.TvChannelChange.Init.Utterance,en,I don't want to see this
Router.SwitchOffWiFi.Init.Utterance,en,could you turn the Wi-Fi off
Tv.SkipCommercial.Init.Utterance,en,I want you to skip the commercial
Tv.RadioChannelChange.Init.Utterance,en,switch to radio station {RadioChannelPosition}
Localsearch.TemperatureInfo.Init.Utterance,en,do I need a coat {LocalsearchTimeStampStartDay}
Router.ShowGuestWiFiPassword.Init.Utterance,en,could you give me the guest Wi-Fi password
Router.SwitchOffGuestWiFi.Init.Utterance,en,switch off the guest Wi-Fi please
Tv.GenericExitToTv.Init.Utterance,en,exit {AppName}
Tv.TvChannelChange.Init.Utterance,en,channel change
SmartHome.SwitchOffDevice.Init.Utterance,en,can you please switch the device {SmartHomeDeviceName} off
Tv.OpenUiArea.Init.Utterance,en,I want to see {AreaName}
Tv.TvChannelChange.Init.Utterance,en,I think this channel is boring
SmartHome.SwitchOffDevice.Init.Utterance,en,stop {SmartHomeDeviceCategory}
Tv.VolumeUp.Init.Utterance,en,set the TV to a higher volume
Tv.NavigationLeft.Init.Utterance,en,go one to the left
SmartHome.StartScene.Init.Utterance,en,activate {SmartHomeSceneName} scene please
Tv.TvChannelChange.Init.Utterance,en,please switch to {TvChannelName}
Bluewin.NewsSummary.Init.Utterance,en,Bluewin
Bluewin.NewsSummary.Init.Utterance,en,news please
SmartHome.SwitchOnDevice.Init.Utterance,en,start {SmartHomeDeviceBrand}
Router.SwitchOffGuestWiFi.Init.Utterance,en,deactivate guest Wi-Fi
Router.SwitchOnGuestWiFi.Init.Utterance,en,I want guest Wi-Fi for {RouterWiFiDuration}
Localsearch.RainInfo.Init.Utterance,en,will it rain later
Tv.TrickModeSkip.Init.Utterance,en,please fast-forward
Localsearch.WeatherInfo.Init.Utterance,en,could you give me the weather report
Tv.VolumeUnmute.Init.Utterance,en,sound back on
Tv.RadioChannelChange.Init.Utterance,en,I want to listen to radio station {RadioChannelPosition}
SmartHome.SwitchOffDevice.Init.Utterance,en,stop the {SmartHomeDeviceCategory} in the {SmartHomeDeviceLocation}
Localsearch.WeatherInfo.Init.Utterance,en,weather news for {LocalsearchTimeStampStartTime} in {LocalsearchLocation}
MyCloud.OpenArea.Init.Utterance,en,I'd like to open {MyCloudArea} on myCloud
Tv.TrickModeSkip.Init.Utterance,en,could you fast-forward {Duration}
Tv.InitiateService.Init.Utterance,en,turn on the TV box
Router.SwitchOnGuestWiFi.Init.Utterance,en,I want you to turn on the guest Wi-Fi for the duration of {RouterWiFiDuration}
Tv.TrickModePlay.Init.Utterance,en,continue with the movie
Router.SwitchOnWiFi.Init.Utterance,en,Wi-Fi on
Localsearch.TemperatureInfo.Init.Utterance,en,will it get cold
Tv.VolumeUp.Init.Utterance,en,that isn't loud enough
Router.SwitchOnGuestWiFi.Init.Utterance,en,I want you to switch the guest Wi-Fi on
Tv.TvRecommendations.Init.Utterance,en,which movies can I watch today
Tv.NavigationLeft.Init.Utterance,en,left again
Router.SwitchOffGuestWiFi.Init.Utterance,en,guest internet off
Tv.TrickModePause.Init.Utterance,en,stop movie
Tv.RadioChannelChange.Init.Utterance,en,radio station {RadioChannelPosition} please
Tv.InitiateService.Init.Utterance,en,Swisscom TV box on
Tv.NavigationDown.Init.Utterance,en,can you go down
Tv.WatchFromBeginning.Init.Utterance,en,play movie from the beginning
Tv.RadioChannelChange.Init.Utterance,en,search for {RadioChannelName}
Tv.OpenUiArea.Init.Utterance,en,could you please show me {AreaName}
Router.ShowWiFiPassword.Init.Utterance,en,let me see the Wi-Fi password
Router.SwitchOnGuestWiFi.Init.Utterance,en,guest internet on
Tv.InitiateService.Init.Utterance,en,TV on please
Tv.VolumeDown.Init.Utterance,en,can you turn that down
Router.SwitchOnGuestWiFi.Init.Utterance,en,can you please connect to the guest internet for {RouterWiFiDuration}
Localsearch.RainInfo.Init.Utterance,en,is there rain
SmartHome.SwitchOffDevice.Init.Utterance,en,can you turn off the {SmartHomeDeviceBrand} in the {SmartHomeDeviceLocation}
MyCloud.OpenArea.Init.Utterance,en,I would like to see {MyCloudArea} on myCloud
Tv.OpenUiArea.Init.Utterance,en,I'd like something for {AreaName}
Tv.TvSearch.Init.Utterance,en,can I please watch {BroadcastName}
Localsearch.RainInfo.Init.Utterance,en,will I need an umbrella {LocalsearchTimeStampStartDay}
Localsearch.WeatherInfo.Init.Utterance,en,how is the weather going to be at {LocalsearchTimeStampStartTime}
Tv.TrickModePlay.Init.Utterance,en,continue movie now
SmartHome.StartScene.Init.Utterance,en,please turn on {SmartHomeSceneName} scene
Tv.TvChannelChange.Init.Utterance,en,{TvChannelPosition}
Tv.Recording.Init.Utterance,en,please record this show
Localsearch.RainInfo.Init.Utterance,en,will it get wet in {LocalsearchLocation} {LocalsearchTimeStampStartDay}
SmartHome.SwitchOnDevice.Init.Utterance,en,could you please switch on device {SmartHomeDeviceName}
Tv.SkipCommercial.Init.Utterance,en,please go to the end of the commercial
Tv.VolumeUp.Init.Utterance,en,turn up the television
Router.SwitchOnGuestWiFi.Init.Utterance,en,could you please activate the Wi-Fi for guests for {RouterWiFiDuration}
MyCloud.OpenArea.Init.Utterance,en,open my {MyCloudArea} on myCloud
Tv.InitiateService.Init.Utterance,en,power-on the TV box
Router.SwitchOnGuestWiFi.Init.Utterance,en,I want my guests to be able to go online
Router.SwitchOffGuestWiFi.Init.Utterance,en,I want you to turn off Wi-Fi for guests
Router.SwitchOnWiFi.Init.Utterance,en,I need Wi-Fi
Router.SwitchOnGuestWiFi.Init.Utterance,en,could you turn on the guest Wi-Fi for a second
Tv.Recording.Init.Utterance,en,add to my recordings
Tv.TvRecommendations.Init.Utterance,en,I want to watch something on TV
Localsearch.WeatherInfo.Init.Utterance,en,how is the weather now
Tv.TrickModePause.Init.Utterance,en,please pause
Tv.VolumeUnmute.Init.Utterance,en,turn the sound back on
Localsearch.WeatherInfo.Init.Utterance,en,weather report please
Tv.TvRecommendations.Init.Utterance,en,television program
SmartHome.SwitchOffDevice.Init.Utterance,en,I need you to turn device {SmartHomeDeviceName} off
Tv.RadioChannelChange.Init.Utterance,en,change to radio channel {RadioChannelPosition} please
Bluewin.NewsSummary.Init.Utterance,en,latest news
Localsearch.TemperatureInfo.Init.Utterance,en,I want to know how hot it is in {LocalsearchLocation} from {LocalsearchTimeStampStartTime} to {LocalsearchTimeStampEndTime}
Tv.TvRecommendations.Init.Utterance,en,what can I watch today
Tv.Recording.Init.Utterance,en,please add this movie to my recordings
Tv.TvSearch.Init.Utterance,en,could you please find {ParticipantName} for me
Tv.GenericExitToTv.Init.Utterance,en,continue TV program
Router.SwitchOffGuestWiFi.Init.Utterance,en,turn off the guest Wi-Fi now
Tv.TvChannelChange.Init.Utterance,en,find {TvChannelName}
Router.ShowGuestWiFiPassword.Init.Utterance,en,I need the password for the guest internet
Tv.NavigationUp.Init.Utterance,en,go up
Localsearch.TemperatureInfo.Init.Utterance,en,will it be warm in {LocalsearchLocation} {LocalsearchTimeStampStartDay}
Tv.SkipCommercial.Init.Utterance,en,don't show the commercial
Router.SwitchOnWiFi.Init.Utterance,en,please activate the Wi-Fi
Tv.RadioChannelChange.Init.Utterance,en,this radio station is boring
Router.SwitchOffGuestWiFi.Init.Utterance,en,please deactivate the internet for guests
Tv.TrickModePause.Init.Utterance,en,please pause the program
Tv.WatchFromBeginning.Init.Utterance,en,from the beginning
Tv.TvSearch.Init.Utterance,en,show me {SportParticipantName}
Tv.NavigationLeft.Init.Utterance,en,left
Tv.TrickModeSkip.Init.Utterance,en,I'd like to fast-forward {Duration}
Tv.TvChannelChange.Init.Utterance,en,I want to see something else
Localsearch.RainInfo.Init.Utterance,en,will it rain in {LocalsearchLocation} between {LocalsearchTimeStampStartTime} and {LocalsearchTimeStampEndTime}
Tv.TvChannelChange.Init.Utterance,en,turn on {TvChannelName}
Tv.OpenApplication.Init.Utterance,en,open {AppName}
Router.SwitchOnGuestWiFi.Init.Utterance,en,please switch on guest Wi-Fi
Router.SwitchOnGuestWiFi.Init.Utterance,en,my guest needs internet
Tv.TerminateService.Init.Utterance,en,turn off TV
Tv.TvSearch.Init.Utterance,en,show me a series with {ParticipantName}
Tv.TerminateService.Init.Utterance,en,please turn my TV box off
Tv.TrickModePause.Init.Utterance,en,pause the movie
Localsearch.WeatherInfo.Init.Utterance,en,how is the weather in {LocalsearchLocation} {LocalsearchTimeStampStartDay}
Router.SwitchOnGuestWiFi.Init.Utterance,en,I want guest Wi-Fi
SmartHome.StartScene.Init.Utterance,en,please activate scene {SmartHomeSceneName}
Tv.NavigationUp.Init.Utterance,en,go up another one
SmartHome.SwitchOffDevice.Init.Utterance,en,turn the device {SmartHomeDeviceName} off
Router.SwitchOffWiFi.Init.Utterance,en,I would like to switch off the Wi-Fi
Tv.TrickModeSkip.Init.Utterance,en,rewind the TV show a little
Router.SwitchOnGuestWiFi.Init.Utterance,en,turn on the guest Wi-Fi for {RouterWiFiDuration}
Router.SwitchOnWiFi.Init.Utterance,en,I'd like Wi-Fi
Localsearch.WeatherInfo.Init.Utterance,en,how is the weather {LocalsearchTimeStampStartDay}
Tv.VolumeDown.Init.Utterance,en,set the TV to a lower volume
Bluewin.NewsSummary.Init.Utterance,en,please give me the news
Tv.NavigationRight.Init.Utterance,en,go right
SmartHome.StartScene.Init.Utterance,en,I want scene {SmartHomeSceneName}
Router.SwitchOnGuestWiFi.Init.Utterance,en,guest Wi-Fi please
Tv.TvChannelChange.Init.Utterance,en,I want to change the channel to channel {TvChannelName}
Router.SwitchOffGuestWiFi.Init.Utterance,en,please turn off the guest Wi-Fi
Router.SwitchOnWiFi.Init.Utterance,en,switch the Wi-Fi on
Tv.TvSearch.Init.Utterance,en,what do you know about {ParticipantName}
SmartHome.SwitchOffDevice.Init.Utterance,en,turn off my {SmartHomeDeviceBrand}
Router.SwitchOffWiFi.Init.Utterance,en,go offline
Router.SwitchOffGuestWiFi.Init.Utterance,en,stop the guest Wi-Fi
Tv.SkipCommercial.Init.Utterance,en,no commercial
Tv.VolumeUp.Init.Utterance,en,turn up the TV
Tv.TrickModePlay.Init.Utterance,en,playback now
Tv.VolumeDown.Init.Utterance,en,lower the volume
Tv.OpenApplication.Init.Utterance,en,open {AppName} please
SmartHome.SwitchOffDevice.Init.Utterance,en,stop device {SmartHomeDeviceName} in the {SmartHomeDeviceLocation}
Router.SwitchOffWiFi.Init.Utterance,en,would you please turn off the Wi-Fi
Tv.VolumeMute.Init.Utterance,en,mute the movie please
Router.SwitchOffGuestWiFi.Init.Utterance,en,my guest does not need the internet anymore
SmartHome.SwitchOffDevice.Init.Utterance,en,switch device {SmartHomeDeviceName} off
Tv.InitiateService.Init.Utterance,en,I want the TV box to start
Localsearch.WeatherInfo.Init.Utterance,en,is it going to be nice outside {LocalsearchTimeStampStartDay} in {LocalsearchLocation}
Router.SwitchOnGuestWiFi.Init.Utterance,en,please switch on the guest internet for {RouterWiFiDuration}
Tv.TvChannelChange.Init.Utterance,en,please change the channel
Tv.TrickModePlay.Init.Utterance,en,I'd like to continue
SmartHome.SwitchOffDevice.Init.Utterance,en,turn off {SmartHomeDeviceBrand} please
SmartHome.SwitchOnDevice.Init.Utterance,en,can you turn on the {SmartHomeDeviceBrand} in the {SmartHomeDeviceLocation}
Tv.Recording.Init.Utterance,en,record please
Tv.VolumeUp.Init.Utterance,en,turn the TV up
SmartHome.StartScene.Init.Utterance,en,can you put on the {SmartHomeSceneName} scene for a sec
Tv.TvSearch.Init.Utterance,en,give me some information about {ParticipantName}
Tv.GenericExitToTv.Init.Utterance,en,back to TV please
Tv.TrickModePlay.Init.Utterance,en,press play
Tv.GenericExitToTv.Init.Utterance,en,put live TV back on
Tv.TvChannelChange.Init.Utterance,en,switch to {TvChannelName}
Tv.TvChannelChange.Init.Utterance,en,please switch to another channel
MyCloud.OpenArea.Init.Utterance,en,play {MyCloudArea} on myCloud
Localsearch.WeatherInfo.Init.Utterance,en,weather news
Tv.TerminateService.Init.Utterance,en,I'd like the TV to turn off
Tv.TrickModePause.Init.Utterance,en,pause the TV show
MyCloud.OpenArea.Init.Utterance,en,show {MyCloudArea} on myCloud
Tv.OpenUiArea.Init.Utterance,en,please open {AreaName}
Localsearch.WeatherInfo.Init.Utterance,en,do you know if there is wind {LocalsearchTimeStampStartDay}
Localsearch.WeatherInfo.Init.Utterance,en,will it be sunny {LocalsearchTimeStampStartDay}
Tv.TvChannelChange.Init.Utterance,en,can you change the program to channel {TvChannelPosition}
Router.SwitchOffWiFi.Init.Utterance,en,can you turn the Wi-Fi off
Tv.OpenUiArea.Init.Utterance,en,{AreaName}
SmartHome.SwitchOnDevice.Init.Utterance,en,turn {SmartHomeDeviceBrand} on
Tv.TvSearch.Init.Utterance,en,I want to know more about {ParticipantName}
SmartHome.StartScene.Init.Utterance,en,can you set everything to scene {SmartHomeSceneName}
Router.SwitchOnWiFi.Init.Utterance,en,please turn on the Wi-Fi
Router.ShowWiFiPassword.Init.Utterance,en,I forgot my Wi-Fi password
Tv.OpenApplication.Init.Utterance,en,I would like to open an app
Tv.VolumeDown.Init.Utterance,en,turn the TV down
Tv.TvChannelChange.Init.Utterance,en,go to {TvChannelPosition}
Tv.WatchNextEpisode.Init.Utterance,en,next episode
Tv.GenericExitToTv.Init.Utterance,en,I'd like to watch TV
Tv.TrickModeSkip.Init.Utterance,en,please jump back {Duration}
Router.SwitchOnGuestWiFi.Init.Utterance,en,guest internet for {RouterWiFiDuration} please
Tv.TvSearch.Init.Utterance,en,I want to find {DossierName}
Router.SwitchOffGuestWiFi.Init.Utterance,en,guest Wi-Fi off please
Localsearch.TemperatureInfo.Init.Utterance,en,I need you to tell me how hot it will get {LocalsearchTimeStampStartDay}
Tv.TvSearch.Init.Utterance,en,look for {SeriesName}
Bluewin.NewsSummary.Init.Utterance,en,I want to hear the news
Tv.TvRecommendations.Init.Utterance,en,what's on today
Localsearch.RainInfo.Init.Utterance,en,will it rain {LocalsearchTimeStampStartDay} in {LocalsearchLocation}
Tv.InitiateService.Init.Utterance,en,turn box on
SmartHome.SwitchOnDevice.Init.Utterance,en,please turn on all {SmartHomeDeviceBrand}
Tv.NavigationOK.Init.Utterance,en,okay
Tv.RadioChannelChange.Init.Utterance,en,I want to switch to radio channel {RadioChannelPosition}
Tv.TrickModePlay.Init.Utterance,en,start the episode
Localsearch.TemperatureInfo.Init.Utterance,en,how hot is it
SmartHome.SwitchOnDevice.Init.Utterance,en,please turn on the {SmartHomeDeviceCategory}
Tv.WatchFromBeginning.Init.Utterance,en,I would like to watch this from the beginning please
Router.ShowGuestWiFiPassword.Init.Utterance,en,could you please show me the guest Wi-Fi password
Router.SwitchOnWiFi.Init.Utterance,en,go online
SmartHome.SwitchOnDevice.Init.Utterance,en,{SmartHomeDeviceCategory} on in the {SmartHomeDeviceLocation}
Localsearch.TemperatureInfo.Init.Utterance,en,how many degrees is it
Tv.RadioChannelChange.Init.Utterance,en,change the station please
Router.SwitchOnGuestWiFi.Init.Utterance,en,we need guest Wi-Fi now
Router.ShowGuestWiFiPassword.Init.Utterance,en,please give me my guest Wi-Fi password
Tv.OpenApplication.Init.Utterance,en,I want to open an application
Tv.VolumeMute.Init.Utterance,en,I want the TV to be on mute
Bluewin.NewsSummary.Init.Utterance,en,present the news
SmartHome.SwitchOnDevice.Init.Utterance,en,switch device {SmartHomeDeviceName} on
Tv.NavigationOK.Init.Utterance,en,select
Tv.TvRecommendations.Init.Utterance,en,what would you watch today
Tv.TerminateService.Init.Utterance,en,could you please turn the TV box off
Localsearch.RainInfo.Init.Utterance,en,should I get my umbrella
Tv.OpenUiArea.Init.Utterance,en,can you show me the menu
Router.SwitchOffWiFi.Init.Utterance,en,I want to go offline
Tv.GenericExitToTv.Init.Utterance,en,I want to watch TV
Localsearch.TemperatureInfo.Init.Utterance,en,can you tell me how warm it will get
SmartHome.SwitchOnDevice.Init.Utterance,en,I want you to switch the device {SmartHomeDeviceName} on
Tv.VolumeMute.Init.Utterance,en,no sound
Localsearch.WeatherInfo.Init.Utterance,en,what's the weather gonna be like in {LocalsearchLocation}
Localsearch.TemperatureInfo.Init.Utterance,en,is it warm in {LocalsearchLocation} {LocalsearchTimeStampStartDay}
Tv.VolumeDown.Init.Utterance,en,please turn the volume down
SmartHome.SwitchOnDevice.Init.Utterance,en,turn the {SmartHomeDeviceBrand} {SmartHomeDeviceCategory} on in my {SmartHomeDeviceLocation}
Localsearch.WeatherInfo.Init.Utterance,en,is it snowing
Localsearch.RainInfo.Init.Utterance,en,is it raining at {LocalsearchTimeStampStartTime}
Tv.VolumeUp.Init.Utterance,en,not so quiet please
Tv.TrickModeSkip.Init.Utterance,en,rewind the movie a little
Tv.OpenUiArea.Init.Utterance,en,I'd like to open a different area
Localsearch.RainInfo.Init.Utterance,en,how much will it rain {LocalsearchTimeStampStartDay} in {LocalsearchLocation}
Router.ShowGuestWiFiPassword.Init.Utterance,en,guest Wi-Fi password
Tv.RadioChannelChange.Init.Utterance,en,please change the radio station
Tv.TrickModeSkip.Init.Utterance,en,I want to fast-forward
Tv.TrickModePause.Init.Utterance,en,pause movie
Tv.TerminateService.Init.Utterance,en,TV box off
Localsearch.RainInfo.Init.Utterance,en,should I have an umbrella with me at {LocalsearchTimeStampStartTime}
Tv.VolumeUp.Init.Utterance,en,TV volume up
SmartHome.SwitchOffDevice.Init.Utterance,en,please deactivate device {SmartHomeDeviceName}
Localsearch.WeatherInfo.Init.Utterance,en,do you know if it will be windy {LocalsearchTimeStampStartDay}
Tv.TvChannelChange.Init.Utterance,en,play {TvChannelName}
SmartHome.SwitchOnDevice.Init.Utterance,en,turn on {SmartHomeDeviceBrand}
Router.SwitchOnWiFi.Init.Utterance,en,give me Wi-Fi
SmartHome.SwitchOnDevice.Init.Utterance,en,I would like to turn on the device {SmartHomeDeviceName}
Tv.TvRecommendations.Init.Utterance,en,what should I watch tonight
Tv.WatchFromBeginning.Init.Utterance,en,I'd like to watch the series from the beginning
SmartHome.SwitchOnDevice.Init.Utterance,en,activate device {SmartHomeDeviceName} in the {SmartHomeDeviceLocation}
Tv.VolumeUnmute.Init.Utterance,en,end mute
Tv.TvRecommendations.Init.Utterance,en,show me the TV program
Router.SwitchOffWiFi.Init.Utterance,en,internet off please
Router.SwitchOnGuestWiFi.Init.Utterance,en,can you please turn on the guest Wi-Fi
Localsearch.RainInfo.Init.Utterance,en,will there be rain at {LocalsearchTimeStampStartTime} in {LocalsearchLocation}
SmartHome.StartScene.Init.Utterance,en,I need you to start scene {SmartHomeSceneName}
Tv.VolumeUp.Init.Utterance,en,that's too quiet
Tv.OpenUiArea.Init.Utterance,en,I want to see something with {AreaName}
Tv.TvSearch.Init.Utterance,en,put on {SportParticipantName}
Localsearch.TemperatureInfo.Init.Utterance,en,I would like to know how warm it will be {LocalsearchTimeStampStartDay} between {LocalsearchTimeStampStartTime} and {LocalsearchTimeStampEndTime}
Router.SwitchOnGuestWiFi.Init.Utterance,en,{RouterWiFiDuration} wireless network for guests please
Router.ShowWiFiPassword.Init.Utterance,en,where do I get my Wi-Fi password
MyCloud.OpenArea.Init.Utterance,en,I'd like to see my {MyCloudArea} on myCloud
Tv.VolumeDown.Init.Utterance,en,I'd like the volume less loud
Tv.Recording.Init.Utterance,en,add to recordings
Tv.GenericExitToTv.Init.Utterance,en,I would like to watch live TV
Bluewin.NewsSummary.Init.Utterance,en,give me a news recap
Router.SwitchOffWiFi.Init.Utterance,en,I'd like to switch off the Wi-Fi
Localsearch.WeatherInfo.Init.Utterance,en,how is the weather going to be in {LocalsearchLocation} {LocalsearchTimeStampStartDay}
Tv.TrickModeSkip.Init.Utterance,en,rewind
Tv.VolumeDown.Init.Utterance,en,turn down the TV
Router.SwitchOffWiFi.Init.Utterance,en,please turn off the Wi-Fi
Tv.SkipCommercial.Init.Utterance,en,I don't want the commercial
Tv.TerminateService.Init.Utterance,en,switch TV off
Router.SwitchOnWiFi.Init.Utterance,en,turn Wi-Fi on
Localsearch.WeatherInfo.Init.Utterance,en,how is the weather going to be
Tv.NavigationRight.Init.Utterance,en,the one on the right
Tv.NavigationLeft.Init.Utterance,en,one left
Tv.OpenUiArea.Init.Utterance,en,menu
Tv.SkipCommercial.Init.Utterance,en,skip commercial
Tv.TvSearch.Init.Utterance,en,play the movie {VodName}
SmartHome.StartScene.Init.Utterance,en,activate scene {SmartHomeSceneName} please
Tv.Recording.Init.Utterance,en,can you record this
SmartHome.SwitchOffDevice.Init.Utterance,en,device {SmartHomeDeviceName} off
Tv.TrickModePlay.Init.Utterance,en,playback
Router.SwitchOffWiFi.Init.Utterance,en,I don't need the internet anymore
Tv.TrickModeSkip.Init.Utterance,en,please rewind
Localsearch.WeatherInfo.Init.Utterance,en,how is the weather going to be {LocalsearchTimeStampStartDay}
Tv.TrickModePause.Init.Utterance,en,wait a sec
Tv.RadioChannelChange.Init.Utterance,en,turn on radio station {RadioChannelPosition}
Router.SwitchOffWiFi.Init.Utterance,en,stop the Wi-Fi
Bluewin.NewsSummary.Init.Utterance,en,I need a news update
Tv.VolumeUnmute.Init.Utterance,en,switch sound back on
Tv.OpenUiArea.Init.Utterance,en,what kind of {AreaName} do you have
Tv.OpenApplication.Init.Utterance,en,open my apps
Tv.OpenApplication.Init.Utterance,en,can you show me the apps
Router.SwitchOnWiFi.Init.Utterance,en,connect to theWi-Fi
Localsearch.WeatherInfo.Init.Utterance,en,is it windy
Tv.Recording.Init.Utterance,en,recording
Bluewin.NewsSummary.Init.Utterance,en,I want to hear the news summary
Localsearch.RainInfo.Init.Utterance,en,will it be raining
Localsearch.RainInfo.Init.Utterance,en,how much rain can I expect in {LocalsearchLocation} {LocalsearchTimeStampStartDay}
Router.SwitchOnWiFi.Init.Utterance,en,can you please switch the Wi-Fi on
Localsearch.RainInfo.Init.Utterance,en,can you tell me if I should take an umbrella with me
Tv.TvChannelChange.Init.Utterance,en,could you please change the channel to {TvChannelName}
Localsearch.WeatherInfo.Init.Utterance,en,I want to know how the weather will be {LocalsearchTimeStampStartDay}
Tv.WatchFromBeginning.Init.Utterance,en,start from the beginning
Tv.TvChannelChange.Init.Utterance,en,I would like to watch {TvChannelName}
Tv.OpenUiArea.Init.Utterance,en,go to {AreaName}
Localsearch.TemperatureInfo.Init.Utterance,en,how is the temperature between {LocalsearchTimeStampStartTime} and {LocalsearchTimeStampEndTime} in {LocalsearchLocation}
Bluewin.NewsSummary.Init.Utterance,en,Bluewin news please
SmartHome.SwitchOffDevice.Init.Utterance,en,could you please switch off device {SmartHomeDeviceName}
Tv.VolumeUp.Init.Utterance,en,could you up the volume please
Bluewin.NewsSummary.Init.Utterance,en,what are today's news
SmartHome.SwitchOnDevice.Init.Utterance,en,turn on my {SmartHomeDeviceBrand} {SmartHomeDeviceCategory} in the {SmartHomeDeviceLocation}
Router.ShowWiFiPassword.Init.Utterance,en,I need the password for the internet
Router.SwitchOffWiFi.Init.Utterance,en,turn Wi-Fi off
Tv.TrickModePlay.Init.Utterance,en,could I please continue watching the movie
Router.ShowGuestWiFiPassword.Init.Utterance,en,show me the guest Wi-Fi password
Router.SwitchOnWiFi.Init.Utterance,en,could you please turn on the Wi-Fi
Router.SwitchOffWiFi.Init.Utterance,en,I'd like Wi-Fi off
Router.ShowWiFiPassword.Init.Utterance,en,I want to get my Wi-Fi password
Tv.NavigationDown.Init.Utterance,en,go down
Tv.GenericExitToTv.Init.Utterance,en,normal TV please
Tv.GenericExitToTv.Init.Utterance,en,can you go back to the TV program
Router.ShowGuestWiFiPassword.Init.Utterance,en,I want to see my guest Wi-Fi password
Localsearch.WeatherInfo.Init.Utterance,en,what's the weather gonna be like at {LocalsearchTimeStampStartTime}
Tv.TerminateService.Init.Utterance,en,turn the TV off
Tv.VolumeMute.Init.Utterance,en,mute the sound
Localsearch.WeatherInfo.Init.Utterance,en,how is the weather forecast for {LocalsearchLocation}
Tv.TerminateService.Init.Utterance,en,shut down the box
Localsearch.RainInfo.Init.Utterance,en,how heavy is the rain
Tv.OpenUiArea.Init.Utterance,en,I want to open another area
Localsearch.WeatherInfo.Init.Utterance,en,I'd like some information about the weather in {LocalsearchLocation} {LocalsearchTimeStampStartDay}
Tv.TerminateService.Init.Utterance,en,please turn off the television
Tv.OpenApplication.Init.Utterance,en,I want to open {AppName}
Router.SwitchOffWiFi.Init.Utterance,en,please switch the Wi-Fi off
Router.SwitchOnWiFi.Init.Utterance,en,wireless network connection
SmartHome.SwitchOnDevice.Init.Utterance,en,switch on all {SmartHomeDeviceCategory} in the {SmartHomeDeviceLocation}
Tv.TvRecommendations.Init.Utterance,en,I want to watch TV tonight
Localsearch.RainInfo.Init.Utterance,en,will there be rain {LocalsearchTimeStampStartDay} in {LocalsearchLocation}
Router.ShowWiFiPassword.Init.Utterance,en,could you please show me the Wi-Fi password
Tv.TrickModePause.Init.Utterance,en,press pause
Router.SwitchOffGuestWiFi.Init.Utterance,en,I do not need the guest Wi-Fi anymore
Tv.TvChannelChange.Init.Utterance,en,I'd like to watch channel {TvChannelPosition}
Router.SwitchOffGuestWiFi.Init.Utterance,en,close the guest Wi-Fi
Tv.GenericExitToTv.Init.Utterance,en,live TV again please
SmartHome.StartScene.Init.Utterance,en,I would like to start {SmartHomeSceneName} scene
Localsearch.WeatherInfo.Init.Utterance,en,how is the weather
SmartHome.SwitchOnDevice.Init.Utterance,en,please turn {SmartHomeDeviceBrand} on
Tv.TerminateService.Init.Utterance,en,turn the box to standby
Tv.WatchFromBeginning.Init.Utterance,en,from the beginning please
Tv.TrickModePause.Init.Utterance,en,you can pause the movie
Tv.GenericExitToTv.Init.Utterance,en,show me live TV again
Tv.TerminateService.Init.Utterance,en,can you please turn off the TV box
Tv.TvChannelChange.Init.Utterance,en,would you please change the channel
Tv.GenericExitToTv.Init.Utterance,en,I want to go back to live TV
Localsearch.TemperatureInfo.Init.Utterance,en,how warm will it get at {LocalsearchTimeStampStartTime}
Tv.SkipCommercial.Init.Utterance,en,end the commercial please
Tv.VolumeMute.Init.Utterance,en,volume to zero
Tv.InitiateService.Init.Utterance,en,box on please
Router.SwitchOnWiFi.Init.Utterance,en,please turn on the internet
Tv.OpenUiArea.Init.Utterance,en,please go to {AreaName}
Localsearch.WeatherInfo.Init.Utterance,en,will it be nice outside {LocalsearchTimeStampStartDay}
Localsearch.TemperatureInfo.Init.Utterance,en,how hot will it get {LocalsearchTimeStampStartDay}
Localsearch.WeatherInfo.Init.Utterance,en,I would like some info about the weather
Tv.Recording.Init.Utterance,en,I want to record this
Tv.TrickModeSkip.Init.Utterance,en,rewind {Duration}
Router.SwitchOnGuestWiFi.Init.Utterance,en,connect to the guest Wi-Fi
Bluewin.NewsSummary.Init.Utterance,en,could you please give me the news
Tv.TvChannelChange.Init.Utterance,en,put on {TvChannelName}
Tv.TrickModePause.Init.Utterance,en,a break please
Tv.VolumeUp.Init.Utterance,en,this is too quiet
Tv.VolumeUp.Init.Utterance,en,turn up the TV's volume
Localsearch.WeatherInfo.Init.Utterance,en,what's the weather like
SmartHome.SwitchOnDevice.Init.Utterance,en,please turn device {SmartHomeDeviceName} on
SmartHome.SwitchOffDevice.Init.Utterance,en,I want you to switch off device {SmartHomeDeviceName}
SmartHome.SwitchOnDevice.Init.Utterance,en,activate the device {SmartHomeDeviceName}
Tv.TvChannelChange.Init.Utterance,en,channel {TvChannelPosition} please
Localsearch.WeatherInfo.Init.Utterance,en,give me the weather report
Router.SwitchOffWiFi.Init.Utterance,en,deactivate Wi-Fi
Localsearch.TemperatureInfo.Init.Utterance,en,can you tell me how warm it will get {LocalsearchTimeStampStartDay}
Localsearch.TemperatureInfo.Init.Utterance,en,will I freeze
Localsearch.TemperatureInfo.Init.Utterance,en,I would like to know how cold it is
Tv.WatchFromBeginning.Init.Utterance,en,watch from beginning
Tv.WatchFromBeginning.Init.Utterance,en,start the movie over
Tv.VolumeDown.Init.Utterance,en,could you please turn down the volume
Tv.OpenApplication.Init.Utterance,en,can you please open {AppName}
Tv.OpenUiArea.Init.Utterance,en,which {AreaName} do you have
Localsearch.RainInfo.Init.Utterance,en,is it raining
Tv.NavigationRight.Init.Utterance,en,to the right
Router.ShowWiFiPassword.Init.Utterance,en,Wi-Fi password please
Router.ShowWiFiPassword.Init.Utterance,en,can you please show me the Wi-Fi password on the TV
Tv.TrickModePlay.Init.Utterance,en,I wanna continue watching
Localsearch.RainInfo.Init.Utterance,en,will it be rainy {LocalsearchTimeStampStartDay}
Router.SwitchOnGuestWiFi.Init.Utterance,en,turn guest Wi-Fi on
Tv.TrickModePlay.Init.Utterance,en,start
SmartHome.SwitchOffDevice.Init.Utterance,en,deactivate device {SmartHomeDeviceName} in the {SmartHomeDeviceLocation}
Tv.TvChannelChange.Init.Utterance,en,turn on TV channel {TvChannelPosition}
Tv.TrickModePlay.Init.Utterance,en,could you please press play
Tv.WatchNextEpisode.Init.Utterance,en,next episode please
Tv.TvChannelChange.Init.Utterance,en,put on TV channel {TvChannelPosition}
Bluewin.NewsSummary.Init.Utterance,en,I need the news
Router.SwitchOnGuestWiFi.Init.Utterance,en,I want to turn on the guest Wi-Fi
SmartHome.StartScene.Init.Utterance,en,I need the {SmartHomeSceneName} scene
MyCloud.OpenArea.Init.Utterance,en,show me my {MyCloudArea} on myCloud
Tv.TvSearch.Init.Utterance,en,turn on {VodName}
Tv.WatchNextEpisode.Init.Utterance,en,play next episode
Tv.VolumeDown.Init.Utterance,en,volume down please
Localsearch.TemperatureInfo.Init.Utterance,en,I need the temperature for {LocalsearchTimeStampStartTime} in {LocalsearchLocation}
Router.SwitchOnWiFi.Init.Utterance,en,please activate the internet
Localsearch.WeatherInfo.Init.Utterance,en,I want the weather for {LocalsearchTimeStampStartTime} in {LocalsearchLocation}
Tv.TvSearch.Init.Utterance,en,give me something about {DossierName}
SmartHome.SwitchOffDevice.Init.Utterance,en,deactivate {SmartHomeDeviceCategory}
Tv.TrickModeSkip.Init.Utterance,en,I wanna fast-forward
Tv.TvChannelChange.Init.Utterance,en,I'd like to watch {TvChannelName}
Tv.RadioChannelChange.Init.Utterance,en,would you please change the radio station
Tv.TvSearch.Init.Utterance,en,I wanna watch {SeriesName}
Localsearch.RainInfo.Init.Utterance,en,I need to know if it is raining
Router.SwitchOffGuestWiFi.Init.Utterance,en,please switch off guest Wi-Fi
Tv.VolumeDown.Init.Utterance,en,volume down
Tv.RadioChannelChange.Init.Utterance,en,put on radio channel {RadioChannelPosition}
Tv.TvChannelChange.Init.Utterance,en,switch to channel {TvChannelPosition}
Tv.Recording.Init.Utterance,en,record now
Router.ShowWiFiPassword.Init.Utterance,en,I'd like the Wi-Fi password
Localsearch.WeatherInfo.Init.Utterance,en,I want the weather report for {LocalsearchTimeStampStartTime} in {LocalsearchLocation}
Localsearch.WeatherInfo.Init.Utterance,en,get the weather update
SmartHome.SwitchOnDevice.Init.Utterance,en,can you turn on device {SmartHomeDeviceName}
MyCloud.OpenArea.Init.Utterance,en,please go to {MyCloudArea} on myCloud
MyCloud.OpenArea.Init.Utterance,en,would you please go to myCloud and open {MyCloudArea}
Router.SwitchOnWiFi.Init.Utterance,en,activate the Wi-Fi
Tv.OpenApplication.Init.Utterance,en,{AppName}
Tv.VolumeMute.Init.Utterance,en,switch off the sound
Bluewin.NewsSummary.Init.Utterance,en,I'd like the news please
Bluewin.NewsSummary.Init.Utterance,en,give me the news
SmartHome.SwitchOffDevice.Init.Utterance,en,switch off all {SmartHomeDeviceBrand}
Localsearch.WeatherInfo.Init.Utterance,en,I would like to know how the weather is going to be
Router.SwitchOffWiFi.Init.Utterance,en,I do not need the Wi-Fi anymore
SmartHome.SwitchOnDevice.Init.Utterance,en,turn on my {SmartHomeDeviceCategory}
SmartHome.SwitchOffDevice.Init.Utterance,en,I want you to switch the device {SmartHomeDeviceName} off
Router.SwitchOnGuestWiFi.Init.Utterance,en,please switch on the guest Wi-Fi for {RouterWiFiDuration}
Tv.VolumeUp.Init.Utterance,en,volume up a bit please
Tv.Recording.Init.Utterance,en,could you tape this
Bluewin.NewsSummary.Init.Utterance,en,Bluewin news
Router.SwitchOnGuestWiFi.Init.Utterance,en,please turn on the guest Wi-Fi
Tv.TerminateService.Init.Utterance,en,standby on
Tv.TvSearch.Init.Utterance,en,can you look for {AppName}
SmartHome.SwitchOffDevice.Init.Utterance,en,I want to turn off device {SmartHomeDeviceName}
Router.ShowGuestWiFiPassword.Init.Utterance,en,show guest Wi-Fi password
Localsearch.WeatherInfo.Init.Utterance,en,please tell me how the weather will be {LocalsearchTimeStampStartDay} in {LocalsearchLocation}
Tv.TrickModePause.Init.Utterance,en,pause the program please
Tv.TrickModePlay.Init.Utterance,en,start series
Router.SwitchOnGuestWiFi.Init.Utterance,en,could you connect to the guest internet
Tv.NavigationLeft.Init.Utterance,en,move to the left
Router.SwitchOnWiFi.Init.Utterance,en,I want to turn on the Wi-Fi
Tv.SkipCommercial.Init.Utterance,en,the commercial is annoying
Tv.VolumeUp.Init.Utterance,en,pump up the volume
SmartHome.SwitchOnDevice.Init.Utterance,en,please turn on device {SmartHomeDeviceName}
Router.SwitchOnGuestWiFi.Init.Utterance,en,please turn on the guest Wi-Fi for {RouterWiFiDuration}
Tv.OpenUiArea.Init.Utterance,en,watch a {AreaName}
Localsearch.WeatherInfo.Init.Utterance,en,will it snow {LocalsearchTimeStampStartDay}
Tv.SkipCommercial.Init.Utterance,en,I don't want to watch the commercial
Router.SwitchOnWiFi.Init.Utterance,en,could you turn Wi-Fi on for a sec
Localsearch.TemperatureInfo.Init.Utterance,en,tell me the temperature {LocalsearchTimeStampStartDay}
Tv.TvRecommendations.Init.Utterance,en,I want to know what is on TV today
Localsearch.RainInfo.Init.Utterance,en,is it pouring
SmartHome.SwitchOnDevice.Init.Utterance,en,can you please switch the device {SmartHomeDeviceName} on
Tv.TvSearch.Init.Utterance,en,show me movies with {ParticipantName}
Localsearch.WeatherInfo.Init.Utterance,en,is the weather nice in {LocalsearchLocation}
Tv.WatchNextEpisode.Init.Utterance,en,I'd like to watch the next episode please
Tv.RadioChannelChange.Init.Utterance,en,put on {RadioChannelName} please
Localsearch.RainInfo.Init.Utterance,en,I would like to know if it is raining in {LocalsearchLocation} {LocalsearchTimeStampStartDay}
Router.SwitchOffWiFi.Init.Utterance,en,Wi-Fi off please
MyCloud.OpenArea.Init.Utterance,en,open myCloud and go to {MyCloudArea}
Localsearch.WeatherInfo.Init.Utterance,en,ask for the weather
Tv.TvRecommendations.Init.Utterance,en,what is on at prime time
SmartHome.SwitchOnDevice.Init.Utterance,en,activate {SmartHomeDeviceBrand}
Tv.TerminateService.Init.Utterance,en,turn the TV to standby
MyCloud.OpenArea.Init.Utterance,en,can I see {MyCloudArea} on myCloud
Bluewin.NewsSummary.Init.Utterance,en,tell me what is going on in the world
Tv.RadioChannelChange.Init.Utterance,en,change radio station
MyCloud.OpenArea.Init.Utterance,en,open myCloud and start my {MyCloudArea}
MyCloud.OpenArea.Init.Utterance,en,I want to see {MyCloudArea} on myCloud
Tv.TrickModePlay.Init.Utterance,en,I would like to continue watching TV
Tv.TvSearch.Init.Utterance,en,please search for {BroadcastName}
Tv.VolumeUp.Init.Utterance,en,can you turn up the TV show
Tv.VolumeUnmute.Init.Utterance,en,I'm done with mute
Tv.RadioChannelChange.Init.Utterance,en,I'd like to listen to the radio
Tv.GenericExitToTv.Init.Utterance,en,please give me live TV
Router.SwitchOnGuestWiFi.Init.Utterance,en,I'd like to switch on Wi-Fi for guests
SmartHome.SwitchOffDevice.Init.Utterance,en,please turn off all {SmartHomeDeviceBrand}
SmartHome.SwitchOnDevice.Init.Utterance,en,turn on {SmartHomeDeviceCategory} in the {SmartHomeDeviceLocation}
Router.ShowGuestWiFiPassword.Init.Utterance,en,show me the guest Wi-Fi password on the TV
Tv.VolumeDown.Init.Utterance,en,turn the movie down
SmartHome.StartScene.Init.Utterance,en,I'm in the mood for the {SmartHomeSceneName} scene
Tv.TvChannelChange.Init.Utterance,en,switch to TV channel {TvChannelPosition}
Localsearch.TemperatureInfo.Init.Utterance,en,would you tell me how high the temperature is
Tv.OpenApplication.Init.Utterance,en,please open the app
Tv.InitiateService.Init.Utterance,en,please turn my TV box on
Router.SwitchOffGuestWiFi.Init.Utterance,en,can you please turn off the guest Wi-Fi
Tv.NavigationRight.Init.Utterance,en,move to the right
Tv.TvChannelChange.Init.Utterance,en,this channel is boring
Tv.VolumeUnmute.Init.Utterance,en,sound on
Tv.RadioChannelChange.Init.Utterance,en,turn on radio {RadioChannelName}
Localsearch.WeatherInfo.Init.Utterance,en,can you tell me how the weather is going to be
Router.SwitchOnGuestWiFi.Init.Utterance,en,could you please turn on the guest Wi-Fi
SmartHome.SwitchOffDevice.Init.Utterance,en,turn off device {SmartHomeDeviceName}
Router.ShowGuestWiFiPassword.Init.Utterance,en,I don't know my guest Wi-Fi password anymore
Localsearch.WeatherInfo.Init.Utterance,en,do you know how the weather is at {LocalsearchTimeStampStartTime}
Router.SwitchOnGuestWiFi.Init.Utterance,en,I want you to turn on the guest Wi-Fi
Tv.WatchFromBeginning.Init.Utterance,en,watch from the beginning
SmartHome.SwitchOffDevice.Init.Utterance,en,switch off the device {SmartHomeDeviceName}
